{
	"format_version": "1.8.0",
	"animations": {
		"animation.model.reload": {
			"loop": true,
			"animation_length": 1.8333,
			"bones": {
				"main": {
					"rotation": {
						"0.0": {
							"vector": [0, 0, 0]
						},
						"0.0417": {
							"vector": [-2.02477, -1.3439, 6.46807]
						},
						"0.125": {
							"vector": [-20.97997, -2.32894, 19.68016]
						},
						"0.1667": {
							"vector": [-31.13173, -0.23023, 31.51531]
						},
						"0.2917": {
							"vector": [-29.90184, -14.527, 32.67604]
						},
						"0.5417": {
							"vector": [-31.98669, -16.43531, 33.51191]
						},
						"0.8333": {
							"vector": [-34.08949, -11.63919, 35.77137]
						},
						"0.9583": {
							"vector": [-27.4, -14.53, 32.68],
							"easing": "easeInSine"
						},
						"1.0417": {
							"vector": [-21.28479, -20.05782, 21.72021]
						},
						"1.125": {
							"vector": [-24.88697, -17.73375, 20.91794]
						},
						"1.25": {
							"vector": [-26.41546, -20.44691, 21.12485]
						},
						"1.4167": {
							"vector": [-13.34927, -12.26815, 12.67491]
						},
						"1.6667": {
							"vector": [-20.97997, -2.32894, 19.68016]
						},
						"1.75": {
							"vector": [-2.02477, -1.3439, 6.46807]
						},
						"1.8333": {
							"vector": [0, 0, 0]
						}
					},
					"position": {
						"0.0": {
							"vector": [0, 0, 0]
						},
						"0.2917": {
							"vector": [0, 0, 3]
						},
						"0.5417": {
							"vector": [0, 0, 3]
						},
						"0.8333": {
							"vector": [0, 0, 3]
						},
						"0.9583": {
							"vector": [0, 0, 3]
						},
						"1.0417": {
							"vector": [0, 0, 3]
						},
						"1.125": {
							"vector": [0, 0, 3]
						},
						"1.25": {
							"vector": [0, 0, 3]
						},
						"1.8333": {
							"vector": [0, 0, 0]
						}
					}
				},
				"BreechBlock": {
					"rotation": {
						"0.0833": {
							"vector": [0, 0, 0]
						},
						"0.1667": {
							"vector": [16, 0, 0]
						},
						"1.625": {
							"vector": [16, 0, 0]
						},
						"1.7083": {
							"vector": [0, 0, 0]
						}
					},
					"position": {
						"0.0833": {
							"vector": [0, 0, 0]
						},
						"0.125": {
							"vector": [0, -0.3, 3.625]
						},
						"0.1667": {
							"vector": [0, 0.155, 7.375]
						},
						"1.625": {
							"vector": [0, 0.155, 7.375]
						},
						"1.6667": {
							"vector": [0, -0.3, 3.625]
						},
						"1.7083": {
							"vector": [0, 0, 0]
						}
					}
				},
				"Lever": {
					"rotation": {
						"0.0": {
							"vector": [0, 0, 0]
						},
						"0.0833": {
							"vector": [0, 0, 0]
						},
						"0.1667": {
							"vector": [-30, 0, 0]
						},
						"1.5417": {
							"vector": [-30, 0, 0]
						},
						"1.625": {
							"vector": [0, 0, 0]
						},
						"1.6667": {
							"vector": [0, 0, 0]
						}
					},
					"position": {
						"0.0": {
							"vector": [0, 0, 0]
						},
						"0.0833": {
							"vector": [0, 0, 0]
						},
						"0.125": {
							"vector": [0, 0.94, -4.56]
						},
						"0.1667": {
							"vector": [0, 3.375, -9.125]
						},
						"1.5417": {
							"vector": [0, 3.375, -9.125]
						},
						"1.5833": {
							"vector": [0, 0.94, -4.56]
						},
						"1.625": {
							"vector": [0, 0, 0]
						},
						"1.6667": {
							"vector": [0, 0, 0]
						}
					}
				},
				"bullet": {
					"rotation": {
						"0.0": {
							"vector": [0, 0, 0]
						},
						"0.125": {
							"vector": [5, 5, 0]
						},
						"0.1667": {
							"vector": [8.95501, 12.84279, 0.49552]
						},
						"0.2083": {
							"vector": [12.45907, -4.01966, -2.8705]
						},
						"0.2917": {
							"vector": [-44.72533, -4.14314, -2.89581]
						},
						"0.3333": {
							"vector": [-66.18, -4.39, -2.95]
						},
						"0.375": {
							"vector": [47.36222, -4.63302, -3.00176]
						}
					},
					"position": {
						"0.0": {
							"vector": [0.125, 2.765, -32.855]
						},
						"0.0417": {
							"vector": [0.005, 2.77, 9.4]
						},
						"0.0833": {
							"vector": [0.01, 2.27, 9.4]
						},
						"0.125": {
							"vector": [0.01, 1.895, 12.275]
						},
						"0.1667": {
							"vector": [-0.11, 2.28, 17.09]
						},
						"0.2083": {
							"vector": [5.51, 19.53, 24.47]
						},
						"0.2917": {
							"vector": [25.42, 29.335, 31.67]
						},
						"0.3333": {
							"vector": [46.835, 15.12, 40.91]
						},
						"0.375": {
							"vector": [61.26, -8.975, 50.155]
						},
						"0.5417": {
							"vector": [-21.985, -67.105, 49.28]
						}
					}
				},
				"bullet2": {
					"rotation": {
						"0.8333": {
							"vector": [3.95998, 3.53329, -0.10922]
						},
						"0.9583": {
							"vector": [10.74187, 8.83405, 0.19211]
						},
						"1.0417": {
							"vector": [7.18153, 5.29571, -0.24614]
						},
						"1.125": {
							"vector": [5.41833, 3.51814, -0.38165]
						}
					},
					"position": {
						"0.0": {
							"vector": [0, 0, 0]
						},
						"0.625": {
							"vector": [0, 0.625, 37.5]
						},
						"0.6667": {
							"vector": [-6.875, 5.005, 33.63]
						},
						"0.75": {
							"vector": [-3.12, 6.385, 23.07]
						},
						"0.8333": {
							"vector": [-0.245, 7.005, 12.505]
						},
						"0.875": {
							"vector": [-0.245, 6.63, 8.005]
						},
						"0.9583": {
							"vector": [-0.245, 5.88, 4.135]
						},
						"1.0417": {
							"vector": [-0.245, 4.005, 1.39]
						},
						"1.125": {
							"vector": [-0.245, 3.635, -1.235]
						},
						"1.1667": {
							"vector": [-0.245, 3.515, -2.355]
						},
						"1.25": {
							"vector": [-0.245, 3.52, -2.35]
						}
					}
				},
				"rightarm": {
					"rotation": {
						"0.0": {
							"vector": [0, 0, 0]
						},
						"0.0833": {
							"vector": [-0.64565, 9.80889, -0.48768]
						},
						"0.1667": {
							"vector": [30.93878, 12.18939, -9.74573]
						},
						"0.3333": {
							"vector": [8.4132, 4.78108, 1.36671]
						},
						"0.6667": {
							"vector": [8.4132, 4.78108, 1.36671]
						},
						"0.75": {
							"vector": [0.84602, 4.70267, 2.37658]
						},
						"0.8333": {
							"vector": [15.97531, 4.99058, 0.37639]
						},
						"0.875": {
							"vector": [15.97531, 4.99058, 10.37639]
						},
						"1.0": {
							"vector": [18.47435, 4.65375, 10.04678]
						},
						"1.25": {
							"vector": [10.97435, 4.65375, 10.04678]
						},
						"1.3333": {
							"vector": [15.97531, 4.99058, 10.37639]
						},
						"1.4167": {
							"vector": [15.97531, 4.99058, 0.37639]
						},
						"1.625": {
							"vector": [30.93878, 12.18939, -9.74573]
						},
						"1.7083": {
							"vector": [-0.64565, 9.80889, -0.48768]
						},
						"1.7917": {
							"vector": [0, 0, 0]
						}
					},
					"position": {
						"0.0": {
							"vector": [0, 0, 0]
						},
						"0.0833": {
							"vector": [1.52744, -0.72079, 2.43199]
						},
						"0.3333": {
							"vector": [-11.25, 10, 22.5]
						},
						"0.6667": {
							"vector": [-11.25, 10, 22.5]
						},
						"0.75": {
							"vector": [-7.375, 10.5, 10.125]
						},
						"0.8333": {
							"vector": [-3, 14.875, 0.63]
						},
						"0.875": {
							"vector": [-3.62, 16.13, -2.74]
						},
						"1.0": {
							"vector": [-2.99511, 15.20519, -6.08667]
						},
						"1.0417": {
							"vector": [-3.2, 13.77, -6.76]
						},
						"1.125": {
							"vector": [-3.62, 13.89, -7.36]
						},
						"1.25": {
							"vector": [-2.99511, 15.20519, -6.08667]
						},
						"1.3333": {
							"vector": [-3.62, 16.13, -2.74]
						},
						"1.4167": {
							"vector": [-3, 14.875, 0.63]
						},
						"1.625": {
							"vector": [1.52744, -0.72079, 2.43199]
						},
						"1.7083": {
							"vector": [1.52744, -0.72079, 2.43199]
						},
						"1.7917": {
							"vector": [0, 0, 0]
						}
					}
				}
			},
			"sound_effects": {
				"0.0": {
					"effect": "henrymartinireload"
				}
			}
		},
		"animation.model.draw": {
			"loop": true,
			"animation_length": 1.2,