{
	"format_version": "1.8.0",
	"animations": {
		"animation.model.reloadempty": {
			"loop": "hold_on_last_frame",
			"animation_length": 2.83333,
			"blend_weight": "1",
			"bones": {
				"main": {
					"rotation": {
						"0.0": {
							"vector": [0, 0, 0]
						},
						"0.2333": {
							"vector": [-19.88711, 5.21478, 0.40624]
						},
						"0.4667": {
							"vector": [-21.22154, -5.45113, 4.13474]
						},
						"0.7333": {
							"vector": [10.21843, -12.36201, -1.87986]
						},
						"0.9667": {
							"vector": [6.33698, -13.24879, -11.94047]
						},
						"1.0667": {
							"vector": [7.12, -3.56, -8.22]
						},
						"1.3": {
							"vector": [12.14388, -7.39459, -3.12624]
						},
						"1.6667": {
							"vector": [4.72, -2.88, 11.28]
						},
						"1.9": {
							"vector": [0, 0, 0]
						},
						"2.2667": {
							"vector": [-11.36, 2.98, 80.23]
						},
						"2.4": {
							"vector": [-15.85715, -0.34057, 80.01716]
						},
						"2.8333": {
							"vector": [0, 0, 0]
						}
					},
					"position": {
						"0.0": {
							"vector": [0, 0, 0]
						},
						"0.2333": {
							"vector": [0, 0, 0]
						},
						"0.4667": {
							"vector": [0, 0, 0]
						},
						"0.7333": {
							"vector": [0, 0, 0]
						},
						"0.9667": {
							"vector": [0, -1.12, 0]
						},
						"1.1": {
							"vector": [-1, -0.67, 0]
						},
						"1.3": {
							"vector": [0, 0, 0]
						},
						"1.6667": {
							"vector": [0, 0, 0]
						},
						"1.9": {
							"vector": [0, 0, 0]
						},
						"2.2667": {
							"vector": [0, 0, 0]
						},
						"2.4": {
							"vector": [0, 0, 0]
						},
						"2.8333": {
							"vector": [0, 0, 0]
						}
					}
				},
				"magazine": {
					"rotation": {
						"0.1": {
							"vector": [0, 0, 0]
						},
						"0.2": {
							"vector": [0, 0, 0]
						},
						"0.2667": {
							"vector": [0, 0, 5]
						},
						"0.3333": {
							"vector": [-0.35, -3.98, 5.03]
						},
						"0.4333": {
							"vector": [-0.88045, -9.96156, 17.57673]
						},
						"0.5333": {
							"vector": [-6.7084, -26.57038, 19.4275]
						},
						"0.8": {
							"vector": [-6.71, -26.57, 19.43]
						},
						"1.1": {
							"vector": [-6.7084, -26.57038, 19.4275]
						},
						"1.2667": {
							"vector": [-6.7084, -26.57038, 19.4275]
						},
						"1.4667": {
							"vector": [-0.35, -3.98, 5.03]
						},
						"1.5667": {
							"vector": [0, 0, 5]
						},
						"1.7667": {
							"vector": [0, 0, 0]
						},
						"1.9": {
							"vector": [0, 0, 0]
						}
					},
					"position": {
						"0.1": {
							"vector": [0, 0, 0]
						},
						"0.2": {
							"vector": [6.15, 0, 3.23]
						},
						"0.2667": {
							"vector": [10.25, 0, 5.375]
						},
						"0.3333": {
							"vector": [13.5, -2.5, 8.68]
						},
						"0.4333": {
							"vector": [18.38, -6.25, 12.505]
						},
						"0.5333": {
							"vector": [24.63, -22.375, 32.885]
						},
						"0.8": {
							"vector": [24.63, -22.37, 32.89]
						},
						"1.1": {
							"vector": [24.63, -22.375, 32.885]
						},
						"1.2667": {
							"vector": [24.63, -22.375, 32.885]
						},
						"1.4667": {
							"vector": [13.5, -2.5, 8.68]
						},
						"1.5667": {
							"vector": [10.25, 0, 5.375]
						},
						"1.7667": {
							"vector": [6.15, 0, 3.23]
						},
						"1.9": {
							"vector": [0, 0, 0]
						}
					}
				},
				"leftarm": {
					"rotation": {
						"0.0": {
							"vector": [0, 0, 0]
						},
						"0.0667": {
							"vector": [-1.55271, 1.96074, -0.07199]
						},
						"0.1": {
							"vector": [-1.55, 1.96, -0.07]
						},
						"0.2667": {
							"vector": [9.38119, -11.74072, -0.68908]
						},
						"0.4333": {
							"vector": [43.54492, -6.20273, -0.44102]
						},
						"0.5333": {
							"vector": [62.20084, -27.07627, -5.37943]
						},
						"1.2667": {
							"vector": [62.2, -27.08, -5.38]
						},
						"1.4": {
							"vector": [43.54492, -6.20273, -0.44102]
						},
						"1.5333": {
							"vector": [9.38119, -11.74072, -0.68908]
						},
						"1.6": {
							"vector": [1.55084, -1.96223, 0.01977]
						},
						"1.7667": {
							"vector": [9.38119, -11.74072, -0.68908]
						},
						"1.9": {
							"vector": [-1.55271, 1.96074, -0.07199]
						},
						"2.0333": {
							"vector": [1.32901, -7.60169, -0.68343]
						},
						"2.1333": {
							"vector": [22.95, 7.11, 0.82]
						},
						"2.2667": {
							"vector": [51.77124, 26.72538, 2.82119]
						},
						"2.4333": {
							"vector": [51.77124, 26.72538, 2.82119]
						},
						"2.4667": {
							"vector": [55.92191, 30.20485, 5.11545]
						},
						"2.5333": {
							"vector": [25.27605, 10.79136, -2.21521]
						},
						"2.8333": {
							"vector": [0, 0, 0]
						}
					},
					"position": {
						"0.0": {
							"vector": [0, 0, 0]
						},
						"0.0667": {
							"vector": [-1.25, 0.375, -0.75]
						},
						"0.1": {
							"vector": [-1.25, 0, -0.75]
						},
						"0.2667": {
							"vector": [5.625, 1.375, 2.5]
						},
						"0.4333": {
							"vector": [16.755, 1.38, 12.375]
						},
						"0.5333": {
							"vector": [16.76, -13.495, 34.755]
						},
						"1.2667": {
							"vector": [16.76, -13.49, 34.76]
						},
						"1.4": {
							"vector": [14.13, 1.38, 20.125]
						},
						"1.5333": {
							"vector": [5.625, 1.375, 2.5]
						},
						"1.6": {
							"vector": [5.63, 1.38, 2.5]
						},
						"1.7667": {
							"vector": [5.625, 1.375, 2.5]
						},
						"1.9": {
							"vector": [-1.25, 0, -0.75]
						},
						"2.0333": {
							"vector": [-1.32501, 3.87057, -0.96056]
						},
						"2.1333": {
							"vector": [-6.82299, 15.71385, 1.49244]
						},
						"2.2667": {
							"vector": [-20.76136, 23.37641, 5.57956]
						},
						"2.4333": {
							"vector": [-20.92173, 23.08197, 17.37588]
						},
						"2.4667": {
							"vector": [-20.92, 22.205, 15.63]
						},
						"2.5333": {
							"vector": [-14.94, 18.36, 11.16]
						},
						"2.8333": {
							"vector": [0, 0, 0]
						}
					}
				},
				"rightarm": {
					"position": {
						"vector": [0, -0.25, -0.25]
					}
				},
				"Bolt": {
					"position": {
						"2.2667": {
							"vector": [0, 0, -9.25]
						},
						"2.4667": {
							"vector": [0, 0, 4]
						},
						"2.6": {
							"vector": [0, 0, 0]
						}
					}
				}
			},
			"sound_effects": {
				"0.0": {
					"effect": "mp18load2"
				}
			}
		},
		"animation.model.reload": {
			"loop": "hold_on_last_frame",
			"animation_length": 1.9,
			"blend_weight": "1",
			"bones": {
				"main": {
					"rotation": {
						"0.0": {
							"vector": [0, 0, 0]
						},
						"0.2333": {
							"vector": [-19.88711, 5.21478, 0.40624]
						},
						"0.4667": {
							"vector": [-21.22154, -5.45113, 4.13474]
						},
						"0.7333": {
							"vector": [10.21843, -12.36201, -1.87986]
						},
						"0.9667": {
							"vector": [6.33698, -13.24879, -11.94047]
						},
						"1.0667": {
							"vector": [7.12, -3.56, -8.22]
						},
						"1.3": {
							"vector": [12.14388, -7.39459, -3.12624]
						},
						"1.6667": {
							"vector": [4.72, -2.88, 11.28]
						},
						"1.9": {
							"vector": [0, 0, 0]
						}
					},
					"position": {
						"0.0": {
							"vector": [0, 0, 0]
						},
						"0.2333": {
							"vector": [0, 0, 0]
						},
						"0.4667": {
							"vector": [0, 0, 0]
						},
						"0.7333": {
							"vector": [0, 0, 0]
						},
						"0.9667": {
							"vector": [0, -1.12, 0]
						},
						"1.1": {
							"vector": [-1, -0.67, 0]
						},
						"1.3": {
							"vector": [0, 0, 0]
						},
						"1.6667": {
							"vector": [0, 0, 0]
						},
						"1.9": {
							"vector": [0, 0, 0]
						}
					}
				},
				"magazine": {
					"rotation": {
						"0.1": {
							"vector": [0, 0, 0]
						},
						"0.2": {
							"vector": [0, 0, 0]
						},
						"0.2667": {
							"vector": [0, 0, 5]
						},
						"0.3333": {
							"vector": [-0.35, -3.98, 5.03]
						},