{
	"format_version": "1.8.0",
	"animations": {
		"animation.model.reload": {
			"loop": "hold_on_last_frame",
			"animation_length": 2.5417,
			"bones": {
				"BreechBlock": {
					"rotation": {
						"0.6667": {
							"vector": [0, 0, 0]
						},
						"0.7917": {
							"vector": [0, 0, -90]
						},
						"2.0833": {
							"vector": [0, 0, -90]
						},
						"2.2083": {
							"vector": [0, 0, 0]
						}
					},
					"position": {
						"0.6667": {
							"vector": [0, 0, 0]
						},
						"0.7917": {
							"vector": [0, 0, 0]
						},
						"2.0833": {
							"vector": [0, 0, 0]
						},
						"2.2083": {
							"vector": [0, 0, 0]
						}
					}
				},
				"bullet": {
					"rotation": {
						"1.0417": {
							"vector": [5.56096, 5.02857, -0.10043]
						},
						"1.0833": {
							"vector": [5.56, 5.03, -0.1]
						},
						"1.1667": {
							"vector": [5.56, 5.03, -0.1]
						},
						"1.25": {
							"vector": [-23.77167, 11.67064, -1.35509]
						},
						"1.4167": {
							"vector": [-37.92487, 1.42047, -0.97986]
						},
						"1.625": {
							"vector": [-52.18983, -8.40296, 2.62631]
						}
					},
					"position": {
						"0.0": {
							"vector": [0, 0, 0]
						},
						"0.875": {
							"vector": [0.06799, 1.87921, 10.476]
						},
						"0.9583": {
							"vector": [0.06799, 1.87921, 10.476]
						},
						"1.0": {
							"vector": [0.16678, 2.37505, 13.69889]
						},
						"1.0417": {
							"vector": [0.22353, 2.7208, 15.08867]
						},
						"1.0833": {
							"vector": [0.26837, 3.89748, 17.41888]
						},
						"1.1667": {
							"vector": [0.25167, 4.20671, 19.77361]
						},
						"1.25": {
							"vector": [0.22258, 5.2144, 27.00966]
						},
						"1.4167": {
							"vector": [10.67696, -0.21488, 45.35062]
						},
						"1.625": {
							"vector": [19.68644, -25.01176, 62.9969]
						}
					}
				},
				"bullet2": {
					"rotation": {
						"1.4167": {
							"vector": [0, 0, 0]
						},
						"1.4583": {
							"vector": [0, 0, 0]
						},
						"1.5833": {
							"vector": [0, 0, 0]
						},
						"1.6667": {
							"vector": [3.38624, -3.67443, -0.3271]
						},
						"1.75": {
							"vector": [9.13535, 8.49825, -0.41238]
						},
						"1.8333": {
							"vector": [10.37376, 8.21873, -0.44019]
						},
						"1.9583": {
							"vector": [1.82545, 1.63911, 0]
						}
					},
					"position": {
						"1.4167": {
							"vector": [0, 0, 0]
						},
						"1.4583": {
							"vector": [-8.25, 5.625, 1.125]
						},
						"1.5833": {
							"vector": [-8.25, 5.63, 1.13]
						},
						"1.6667": {
							"vector": [-4.875, 8.88, -16.62]
						},
						"1.75": {
							"vector": [-0.245, 6.63, -20.995]
						},
						"1.8333": {
							"vector": [-0.21666, 4.75015, -26.71025]
						},
						"1.9583": {
							"vector": [0, 3.76, -31.985]
						},
						"2.0": {
							"vector": [-0.125, 3.76, -31.98]
						}
					}
				},
				"rightarm": {
					"rotation": {
						"0.0": {
							"vector": [0, 0, 0]
						},
						"0.0833": {
							"vector": [5, 0, 0]
						},
						"0.1667": {
							"vector": [17.26, 0, 0]
						},
						"0.25": {
							"vector": [16.37, 0, 0]
						},
						"0.4167": {
							"vector": [14.6, 0, 0]
						},
						"0.5417": {
							"vector": [16.22, 0, 0]
						},
						"0.6667": {
							"vector": [12.29773, -5.21295, 7.60671]
						},
						"0.7917": {
							"vector": [13.99214, -4.51984, -3.69467]
						},
						"0.9167": {
							"vector": [19.56917, 7.937, -1.22517]
						},
						"1.0": {
							"vector": [22.07604, 7.99327, -1.41902]
						},
						"1.0417": {
							"vector": [22.07604, 7.99327, -1.41902]
						},
						"1.3333": {
							"vector": [11.2, 0.13, -1.16]
						},
						"1.4583": {
							"vector": [8.4132, 4.78108, 1.36671]
						},
						"1.5833": {
							"vector": [8.4132, 4.78108, 1.36671]
						},
						"1.6667": {
							"vector": [9.81595, 4.09502, 0.8161]
						},
						"1.75": {
							"vector": [20.96288, 3.52699, -1.2755]
						},
						"1.8333": {
							"vector": [19.56917, 7.937, -1.22517]
						},
						"1.875": {
							"vector": [22.07604, 7.99327, -1.41902]
						},
						"1.9583": {
							"vector": [19.56917, 7.937, -1.22517]
						},
						"2.0833": {
							"vector": [13.99214, -4.51984, -3.69467]
						},
						"2.2083": {
							"vector": [12.29773, -5.21295, 7.60671]
						},
						"2.5417": {
							"vector": [0, 0, 0]
						}
					},
					"position": {
						"0.0": {
							"vector": [0, 0, 0]
						},
						"0.0833": {
							"vector": [-7.75, 2.625, 5.875]
						},
						"0.1667": {
							"vector": [-7.37, 10.375, 7.59]
						},
						"0.25": {
							"vector": [-5.365, 13.34, 2.325]
						},
						"0.4167": {
							"vector": [-5.655, 11.9, 2.82]
						},
						"0.5417": {
							"vector": [-3.935, 13.68, -4.475]
						},
						"0.6667": {
							"vector": [-2.79, 14.685, -5.53]
						},
						"0.7083": {
							"vector": [-4.4, 14.765, -5.33]
						},
						"0.75": {
							"vector": [-6, 14.285, -5.12]
						},
						"0.7917": {
							"vector": [-7.605, 13.05, -4.92]
						},
						"0.9167": {
							"vector": [-1.3, 13.865, -2.64]
						},
						"1.0": {
							"vector": [-1.3, 13.865, -4.765]
						},
						"1.0417": {
							"vector": [-1.3, 13.865, -4.765]
						},
						"1.1667": {
							"vector": [-2.8658, 14.95473, 0.76726]
						},
						"1.3333": {
							"vector": [-9.43, 12.78, 8.79]
						},
						"1.4583": {
							"vector": [-11.25, 10, 22.5]
						},
						"1.5833": {
							"vector": [-11.25, 10, 22.5]
						},
						"1.6667": {
							"vector": [-7.75, 14.045, 4.375]
						},
						"1.75": {
							"vector": [-2.81, 15.88, 2.575]
						},
						"1.8333": {
							"vector": [-1.3, 13.865, -2.64]
						},
						"1.875": {
							"vector": [-1.3, 13.865, -4.765]
						},
						"1.9583": {
							"vector": [-1.3, 13.865, -2.64]
						},
						"2.0833": {
							"vector": [-7.605, 13.05, -4.92]
						},
						"2.125": {
							"vector": [-6, 14.285, -5.12]
						},
						"2.1667": {
							"vector": [-4.4, 14.765, -5.33]
						},
						"2.2083": {
							"vector": [-2.79, 14.685, -5.53]
						},
						"2.3333": {
							"vector": [-7.49611, 12.54034, -3.77595]
						},
						"2.4167": {
							"vector": [-6.025, 10.93, -1.32]
						},
						"2.5417": {
							"vector": [0, 0, 0]
						}
					}
				},
				"main": {
					"rotation": {
						"0.0": {
							"vector": [0, 0, 0]
						},
						"0.0833": {
							"vector": [-3.5, 0.04, 1]
						},
						"0.2083": {
							"vector": [-2.49762, 0.10901, 2.49762]
						},
						"0.375": {
							"vector": [-6.24941, 0.10975, 9.99941]
						},
						"0.5417": {
							"vector": [-4.95975, 0.5428, 9.98362]
						},
						"0.6667": {
							"vector": [-2.5, 0.11, 2.5]
						},
						"0.7917": {
							"vector": [-2.5, 0.11, -5]
						},
						"0.9167": {
							"vector": [-2.5, 0.11, -5]
						},
						"1.2917": {
							"vector": [-15.65978, -4.38876, 11.61661]
						},
						"1.5": {
							"vector": [-14.00329, -3.44991, 11.48432]
						},
						"1.5833": {
							"vector": [-13.34729, -7.41063, 11.43359]
						},
						"1.7083": {
							"vector": [-10.74101, -5.37979, 11.20086]
						},
						"1.8333": {
							"vector": [-6.62, -2.63, 10.6]
						},
						"1.9583": {
							"vector": [-2.5, 0.11, -5]
						},
						"2.0833": {
							"vector": [-5.10642, -2.27872, 2.49479]
						},
						"2.2917": {
							"vector": [-2.96276, -0.73691, 3.84886]
						},
						"2.5417": {
							"vector": [0, 0, 0]
						}
					},
					"position": {
						"0.0": {
							"vector": [0, 0, 0]
						},
						"0.0833": {
							"vector": [0, 0, 0]
						},
						"0.2083": {
							"vector": [0, 0, 0]
						},
						"0.375": {
							"vector": [0, 0, 0]
						},
						"0.5417": {
							"vector": [0, 0, 0]
						},
						"0.6667": {
							"vector": [0, 0, 0]
						},
						"0.7917": {
							"vector": [0, 0, 0]
						},
						"0.9167": {
							"vector": [0, 0, 0]
						},