{
	"format_version": "1.8.0",
	"animations": {
		"animation.model.reloadempty": {
			"animation_length": 3.4167,
			"bones": {
				"main": {
					"rotation": {
						"0.0": {
							"vector": [0, 0, 0]
						},
						"0.1667": {
							"vector": [0, 0, 7.5]
						},
						"0.3333": {
							"vector": [-18.85702, 2.53325, 37.39226]
						},
						"0.4583": {
							"vector": [-25.26028, 13.67205, 72.78653]
						},
						"0.5833": {
							"vector": [-37.47124, 6.67776, 72.02405]
						},
						"0.6667": {
							"vector": [-37.95038, 7.12641, 68.49205]
						},
						"0.9167": {
							"vector": [-39.1751, 16.49076, 63.04521]
						},
						"1.1667": {
							"vector": [-39.34903, 10.58114, 61.39295]
						},
						"1.375": {
							"vector": [-38.4723, 9.51583, 63.38209]
						},
						"1.5417": {
							"vector": [-38.23943, 7.55528, 64.95075]
						},
						"1.75": {
							"vector": [-37.78901, -6.76621, 50.74352]
						},
						"1.8333": {
							"vector": [-38.8, -10.93, 44.74]
						},
						"1.9167": {
							"vector": [-37.78901, -6.76621, 50.74352]
						},
						"2.0417": {
							"vector": [-32.58988, -21.34222, 29.73091]
						},
						"2.1667": {
							"vector": [-26.44884, -28.77573, 15.32497]
						},
						"2.5": {
							"vector": [-1.21728, -38.28435, -28.65218]
						},
						"2.75": {
							"vector": [-5.14141, -38.00671, -22.303]
						},
						"2.9167": {
							"vector": [0.75674, -38.2944, -31.83747]
						},
						"3.0417": {
							"vector": [-5.14141, -38.00671, -22.303]
						},
						"3.4167": {
							"vector": [0, 0, 0]
						}
					},
					"position": {
						"0.0": {
							"vector": [0, 0, 0]
						},
						"0.1667": {
							"vector": [0, 0, 0]
						},
						"0.5833": {
							"vector": [0, 0, 0]
						},
						"1.8333": {
							"vector": [0.63824, 0.87615, 0.84595]
						},
						"1.9167": {
							"vector": [0, 0, 0]
						},
						"2.0417": {
							"vector": [0, 0, 0]
						},
						"2.5": {
							"vector": [-29.53636, -17.47919, 43.45655]
						},
						"2.625": {
							"vector": [-30.07339, -17.79565, 44.24477]
						},
						"2.75": {
							"vector": [-29.53636, -17.47919, 43.45655]
						},
						"2.9167": {
							"vector": [-30.33644, -17.95267, 44.63371]
						},
						"3.0417": {
							"vector": [-29.53636, -17.47919, 43.45655]
						},
						"3.4167": {
							"vector": [0, 0, 0]
						}
					}
				},
				"leftarm": {
					"rotation": {
						"0.2917": {
							"vector": [0, 0, 0]
						},
						"0.4583": {
							"vector": [0, 0, -82.5]
						},
						"1.75": {
							"vector": [0, 0, -82.5]
						},
						"2.125": {
							"vector": [0, 0, 0]
						},
						"2.3333": {
							"vector": [7.5, 0, 0]
						},
						"2.7083": {
							"vector": [7.5, 0, 0]
						},
						"2.9167": {
							"vector": [7.5, 0, 0]
						},
						"3.2083": {
							"vector": [0, 0, 0]
						}
					},
					"position": {
						"0.2917": {
							"vector": [0, 0, 0]
						},
						"0.4583": {
							"vector": [-0.94745, 6.99909, 4.06503]
						},
						"1.75": {
							"vector": [-0.94745, 6.99909, 4.06503]
						},
						"2.125": {
							"vector": [0, 0, 0]
						},
						"2.3333": {
							"vector": [1.37855, -1.982, -5.02488]
						},
						"2.7083": {
							"vector": [-2.66482, 1.28149, -44.36664]
						},
						"2.9167": {
							"vector": [-2.4131, 1.33645, -36.45527]
						},
						"3.2083": {
							"vector": [0, 0, 0]
						}
					}
				},
				"magazine": {
					"rotation": {
						"0.5": {
							"vector": [0, 0, 0]
						},
						"0.5417": {
							"vector": [0, 0, 0]
						},
						"0.6667": {
							"vector": [5, 0, 0]
						},
						"0.75": {
							"vector": [15, 0, 0]
						},
						"0.9167": {
							"vector": [45, 0, 0]
						},
						"1.5": {
							"vector": [45, 0, 0]
						},
						"1.6667": {
							"vector": [15, 0, 0]
						},
						"1.75": {
							"vector": [5, 0, 0]
						},
						"1.875": {
							"vector": [0, 0, 0]
						},
						"1.9167": {
							"vector": [0, 0, 0]
						}
					},
					"position": {
						"0.5": {
							"vector": [0, 0, 0]
						},
						"0.5417": {
							"vector": [0, 0, 0]
						},
						"0.625": {
							"vector": [0, -1.79505, 1.37267]
						},
						"0.6667": {
							"vector": [0, -1.68479, 2.11691]
						},
						"0.75": {
							"vector": [0, -7.52695, 7.82779]
						},
						"0.9167": {
							"vector": [0, -17.79378, 41.42944]
						},
						"1.5": {
							"vector": [0, -17.79378, 41.42944]
						},
						"1.6667": {
							"vector": [0, -7.52695, 7.82779]
						},
						"1.75": {
							"vector": [0, -1.68479, 2.11691]
						},
						"1.7917": {
							"vector": [0, -1.79505, 1.37267]
						},
						"1.875": {
							"vector": [0, 0, 0]
						},
						"1.9167": {
							"vector": [0, 0, 0]
						}
					}
				},
				"Bolt": {
					"rotation": {
						"2.7083": {
							"vector": [0, 0, 0]
						},
						"2.9167": {
							"vector": [0, 0, 0]
						},
						"3.1667": {
							"vector": [0, 0, 0]
						}
					},
					"position": {
						"2.7083": {
							"vector": [0, 0, 0]
						},
						"2.9167": {
							"vector": [0, 0, 7]
						},
						"3.1667": {
							"vector": [0, 0, 0]
						}
					}
				},
				"rightarm": {
					"rotation": {
						"0.0": {
							"vector": [0, 0, 0]
						},
						"0.1667": {
							"vector": [-0.47185, 28.5683, -4.17996]
						},
						"0.4167": {
							"vector": [0, 22.5, 0]
						},
						"0.5417": {
							"vector": [0, 22.5, 0]
						},
						"0.5833": {
							"vector": [7.5, 22.5, 0]
						},
						"0.625": {
							"vector": [15, 22.5, 0]
						},
						"0.6667": {
							"vector": [20, 22.5, 0]
						},
						"0.75": {
							"vector": [25, 22.5, 0]
						},
						"0.9167": {
							"vector": [62.5, 22.5, 0]
						},
						"1.5": {
							"vector": [62.5, 22.5, 0]
						},
						"1.6667": {
							"vector": [25, 22.5, 0]
						},
						"1.75": {
							"vector": [20, 22.5, 0]
						},
						"1.7917": {
							"vector": [15, 22.5, 0]
						},
						"1.8333": {
							"vector": [7.5, 22.5, 0]
						},
						"1.875": {
							"vector": [0, 22.5, 0]
						},
						"2.0833": {
							"vector": [-0.47185, 28.5683, -4.17996]
						},
						"2.2083": {
							"vector": [0, 0, 0]
						}
					},
					"position": {
						"0.0": {
							"vector": [0, 0, 0]
						},
						"0.1667": {
							"vector": [-7.55573, 1.48483, 0.71965]
						},
						"0.4167": {
							"vector": [2.14903, -5.57085, -15.68216]
						},
						"0.5417": {
							"vector": [2.15, -5.57, -15.68]
						},
						"0.5833": {
							"vector": [2.15, -5.57, -15.68]
						},
						"0.625": {
							"vector": [2.16979, -5.94391, -15.65946]
						},
						"0.7083": {
							"vector": [2.6126, -10.78542, -14.34981]
						},
						"0.75": {
							"vector": [3.1358, -14.9057, -12.3966]
						},
						"0.9167": {
							"vector": [2.43931, -31.3774, 16.03863]
						},
						"1.5": {
							"vector": [2.43931, -31.3774, 16.03863]
						},
						"1.6667": {
							"vector": [3.1358, -14.9057, -12.3966]
						},
						"1.7083": {
							"vector": [2.6126, -10.78542, -14.34981]
						},
						"1.7917": {
							"vector": [2.16979, -5.94391, -15.65946]
						},
						"1.8333": {
							"vector": [2.15, -5.57, -15.68]
						},
						"1.875": {
							"vector": [2.15, -5.57, -15.68]
						},
						"2.0": {
							"vector": [-0.67302, -5.6807, -7.62969]
						},
						"2.0833": {
							"vector": [2.64442, -0.64607, -2.89377]
						},
						"2.2083": {
							"vector": [0, 0, 0]
						}
					}
				}
			},
			"sound_effects": {
				"0.1667": {
					"effect": "m1907reloadempty"
				}
			}
		},
		"animation.model.reload": {
			"animation_length": 2.2917,
			"bones": {
				"main": {
					"rotation": {
						"0.0": {
							"vector": [0, 0, 0]
						},
						"0.1667": {
							"vector": [0, 0, 7.5]
						},
						"0.3333": {
							"vector": [-18.85702, 2.53325, 37.39226]
						},
						"0.4583": {
							"vector": [-25.26028, 13.67205, 72.78653]
						},